{"version":0,"bundler":"metro","fileMetadata":{"web":{"bundle":"bundles\\web-f5a0c68059d4f4be1e92a1477c93ad17.js","assets":[{"path":"assets\\35ba0eaec5a4f5ed12ca16fabeae451d","ext":"png"},{"path":"assets\\5223c8d9b0d08b82a5670fb5f71faf78","ext":"png"},{"path":"assets\\3a2ba31570920eeb9b1d217cabe58315","ext":"ttf"},{"path":"assets\\31b5ffea3daddc69dd01a1f3d6cf63c5","ext":"ttf"},{"path":"assets\\140c53a7643ea949007aa9a282153849","ext":"ttf"},{"path":"assets\\a76d309774d33d9856f650bed4292a23","ext":"ttf"},{"path":"assets\\b49ae8ab2dbccb02c4d11caaacf09eab","ext":"ttf"},{"path":"assets\\b06871f281fee6b241d60582ae9369b9","ext":"ttf"},{"path":"assets\\1f77739ca9ff2188b539c36f30ffa2be","ext":"ttf"},{"path":"assets\\605ed7926cf39a2ad5ec2d1f9d391d3d","ext":"ttf"},{"path":"assets\\3b89dd103490708d19a95adcae52210e","ext":"ttf"},{"path":"assets\\e20945d7c929279ef7a6f1db184a4470","ext":"ttf"},{"path":"assets\\b3263095df30cb7db78c613e73f9499a","ext":"ttf"},{"path":"assets\\b62641afc9ab487008e996a5c5865e56","ext":"ttf"},{"path":"assets\\8ef52a15e44481b41e7db3c7eaf9bb83","ext":"ttf"},{"path":"assets\\f7c53c47a66934504fcbc7cc164895a7","ext":"ttf"},{"path":"assets\\d2285965fe34b05465047401b8595dd0","ext":"ttf"},{"path":"assets\\1681f34aaca71b8dfb70756bca331eb2","ext":"ttf"},{"path":"assets\\b00678d276dc62a561c384b71c86aafc","ext":"png"},{"path":"assets\\61f2c660c57969dec8599e8df661e8ba","ext":"png"},{"path":"assets\\e827b6f6be40b98cbc837021a5b66ef3","ext":"png"}]}}}